Method,F1 Score,Accuracy,Kappa,Confusion Matrix
ELMClassifier,0.7324165029469548,0.7254032258064517,0.46376726925431366,"[[867 145]
 [536 932]]"
KNeighborsClassifier,0.5230769230769231,0.6,0.2681510533179754,"[[944  68]
 [924 544]]"
SGDClassifier,0.5219941348973607,0.6056451612903225,0.28179203759943516,"[[968  44]
 [934 534]]"
SVC,0.799250936329588,0.7838709677419354,0.5701639564783245,"[[ 877  135]
 [ 401 1067]]"
RandomForestClassifier,0.8552005438477226,0.8282258064516129,0.6441026027995322,"[[ 796  216]
 [ 210 1258]]"
ExtraTreesClassifier,0.8302872062663186,0.8165322580645161,0.6345277362484745,"[[ 912  100]
 [ 355 1113]]"
HistGradientBoostingClassifier,0.8232286340394448,0.8048387096774193,0.6079333141707387,"[[ 869  143]
 [ 341 1127]]"
XGBClassifier,0.8570451436388509,0.8314516129032258,0.6517490486121562,"[[ 809  203]
 [ 215 1253]]"
DLT 2018,0.8534452605806226,0.8190846286701209,0.6171233233432287,"[[ 677  211]
 [ 208 1220]]"
