Model,F1 Score,Accuracy,Kappa
ELMClassifier,0.6652167108265287,0.9450315236826456,0.6355135135895487
KNeighborsClassifier,0.6352280036897867,0.9427918193816263,0.604808454889754
SGDClassifier,0.6536317039378565,0.9299660418561576,0.6154639118413183
SVC,0.6571395722947814,0.9444211472838665,0.6272531442533559
RandomForestClassifier,0.6657337995557707,0.9370924867347764,0.6311799638619942
ExtraTreesClassifier,0.6638928888296676,0.9452353968586127,0.6343575273919804
HistGradientBoostingClassifier,0.6514398535326532,0.9436073120854942,0.6211363674875985
XGBClassifier,0.6408265000872062,0.9423844874060661,0.6099739528586501
